{
  "readonly": false,
  "baseUrl": "http://localhost/",
  "rootPath": "/",
  "port": 80,
  "dataDir": "../data/",
  "sharedDir": "../shared/",
  "admins": ["root@localhost"],
  "trackingCode": "",
  "uilangs": [
    {"abbr": "en", "caption": "English"},
    {"abbr": "sn", "caption": "Shona"},
    {"abbr": "nb", "caption": "Ndebele"},
    {"abbr": "nm", "caption": "Nambya"},
    {"abbr": "tn", "caption": "Tonga"},
    {"abbr": "ts", "caption": "Tswana"},
    {"abbr": "xh", "caption": "Xhosa"},
    {"abbr": "br", "caption": "ChiBarwe"},
    {"abbr": "nd", "caption": "Ndau"},
    {"abbr": "kl", "caption": "Kalanga"},
    {"abbr": "so", "caption": "Sotho"},
    {"abbr": "sh", "caption": "Shangani"},
    {"abbr": "ch", "caption": "Chewa"},
    {"abbr": "kh", "caption": "Khoisan"},
    {"abbr": "sl", "caption": "Zimbabwe Sign Language"}
],
  "welcome": {
    "en": "<div class='intro'>Welcome to <strong>eZORL</strong>, a terminology management software that supports term creation, dictionaries, encyclopaedia, thessauri, glossaries, sound databases, folktales etc.</div><div class='point'><div class='title'><a href='doocs/introo.en/'>MSUNLI Language Digital Resources</a></div><div class='blurb'>A robust and scalable platform for digital resources and database management for Zimbabwe Officially Recognised Languages.</div></div><div class='point noblurb'><div class='title'><a href='doocs/infoo.en/'>Language Databases</a></div></div>",
    "sn": "<div class='intro'>Welcome to <strong>eZORL</strong>, a terminology management software that supports term creation, dictionaries, encyclopaedia, thessauri, glossaries, sound databases, folktales etc.</div><div class='point'><div class='title'><a href='doocs/introo.en/'>MSUNLI Language Digital Resources</a></div><div class='blurb'>A robust and scalable platform for digital resources and database management for Zimbabwe Officially Recognised Languages.</div></div><div class='point noblurb'><div class='title'><a href='doocs/infoo.en/'>Language Databases</a></div></div>",
    "nl": "<div class='intro'>Welcome to <strong>eZORL</strong>, a terminology management software that supports term creation, dictionaries, encyclopaedia, thessauri, glossaries, sound databases, folktales etc.</div><div class='point'><div class='title'><a href='doocs/introo.en/'>MSUNLI Language Digital Resources</a></div><div class='blurb'>A robust and scalable platform for digital resources and database management for Zimbabwe Officially Recognised Languages.</div></div><div class='point noblurb'><div class='title'><a href='doocs/infoo.en/'>Language Databases</a></div></div>",
    "nm": "<div class='intro'>Welcome to <strong>eZORL</strong>, a terminology management software that supports term creation, dictionaries, encyclopaedia, thessauri, glossaries, sound databases, folktales etc.</div><div class='point'><div class='title'><a href='doocs/introo.en/'>MSUNLI Language Digital Resources</a></div><div class='blurb'>A robust and scalable platform for digital resources and database management for Zimbabwe Officially Recognised Languages.</div></div><div class='point noblurb'><div class='title'><a href='doocs/infoo.en/'>Language Databases</a></div></div>"
  },
  "uilangDefault": "en",
  "mailconfig": {"host": "localhost", "port": 465, "secure": false, "from": "noreply@localhost"},
  "licences": {
    "cc-by-4.0": {
      "title": "Creative Commons Attribution 4.0 International",
      "url": "https://creativecommons.org/licenses/by/4.0/",
      "icon": "furniture/lic-cc-by.png"
    },
    "cc-by-sa-4.0": {
      "title": "Creative Commons Attribution Share-Alike 4.0 International",
      "url": "https://creativecommons.org/licenses/by-sa/4.0/",
      "icon": "furniture/lic-cc-by-sa.png"
    },
    "odbl-1.0": {
      "title": "Open Database Licence 1.0",
      "url": "https://opendatacommons.org/licenses/odbl/summary/",
      "icon": "furniture/lic-opendata.png"
    }
  },
  "defaultAbc": [
    ["a", "á", "à", "â", "ä", "ă", "ā", "ã", "å", "ą", "æ"],
    ["b"],
    ["c", "ć", "ċ", "ĉ", "č", "ç"],
    ["d", "ď", "đ"],
    ["e", "é", "è", "ė", "ê", "ë", "ě", "ē", "ę"],
    ["f"],
    ["g", "ġ", "ĝ", "ğ", "ģ"],
    ["h", "ĥ", "ħ"],
    ["i", "ı", "í", "ì", "i", "î", "ï", "ī", "į"],
    ["j", "ĵ"],
    ["k", "ĸ", "ķ"],
    ["l", "ĺ", "ŀ", "ľ", "ļ", "ł"],
    ["m"],
    ["n", "ń", "ň", "ñ", "ņ"],
    ["o", "ó", "ò", "ô", "ö", "ō", "õ", "ő", "ø", "œ"],
    ["p"],
    ["q"],
    ["r", "ŕ", "ř", "ŗ"],
    ["s", "ś", "ŝ", "š", "ş", "ș", "ß"],
    ["t", "ť", "ţ", "ț"],
    ["u", "ú", "ù", "û", "ü", "ŭ", "ū", "ů", "ų", "ű"],
    ["v"],
    ["w", "ẃ", "ẁ", "ŵ", "ẅ"],
    ["x"],
    ["y", "ý", "ỳ", "ŷ", "ÿ"],
    ["z", "ź", "ż", "ž"]
  ],
  "propagatorMsSqlConnectionStrings": {}
}
